system:index,base_valid_px,cloud_frac,cloudy_px,county,date,event_id,img_exists,.geo
0,11213.623529411798,1.0,11213.623529411798,Dallas,2015-05-24,Texas-6,1,"{""type"":""MultiPoint"",""coordinates"":[]}"
1,11225.623529411798,0.17295864433400554,1941.5686274509792,Dallas,2015-05-25,Texas-6,1,"{""type"":""MultiPoint"",""coordinates"":[]}"
2,11225.623529411798,1.0,11225.623529411798,Dallas,2015-05-26,Texas-6,1,"{""type"":""MultiPoint"",""coordinates"":[]}"
3,11225.623529411798,0.020660715296307336,231.9294117647059,Dallas,2015-05-31,Texas-6,1,"{""type"":""MultiPoint"",""coordinates"":[]}"
4,11225.623529411798,0.0,0.0,Dallas,2015-06-01,Texas-6,1,"{""type"":""MultiPoint"",""coordinates"":[]}"
5,11225.623529411798,2.672457340244684E-4,3.0,Dallas,2015-06-02,Texas-6,1,"{""type"":""MultiPoint"",""coordinates"":[]}"
6,11225.623529411798,0.0,0.0,Dallas,2015-06-03,Texas-6,1,"{""type"":""MultiPoint"",""coordinates"":[]}"
7,11225.623529411798,3.563276453659579E-4,4.0,Dallas,2015-06-04,Texas-6,1,"{""type"":""MultiPoint"",""coordinates"":[]}"
8,11225.623529411798,0.7050773894737984,7914.933333333317,Dallas,2015-04-14,Texas-2,1,"{""type"":""MultiPoint"",""coordinates"":[]}"
9,11225.623529411798,0.9809291348155165,11011.541176470619,Dallas,2015-04-15,Texas-2,1,"{""type"":""MultiPoint"",""coordinates"":[]}"
10,11225.623529411798,0.49606816897196454,5568.674509803913,Dallas,2015-04-16,Texas-2,1,"{""type"":""MultiPoint"",""coordinates"":[]}"
11,11225.623529411798,8.908191134148948E-4,10.0,Dallas,2015-04-17,Texas-2,1,"{""type"":""MultiPoint"",""coordinates"":[]}"
12,11225.623529411798,0.8541708150890074,9588.600000000015,Dallas,2015-04-18,Texas-2,1,"{""type"":""MultiPoint"",""coordinates"":[]}"
13,11225.623529411798,0.07775872705791419,872.8901960784314,Dallas,2015-04-21,Texas-2,1,"{""type"":""MultiPoint"",""coordinates"":[]}"
14,11225.623529411798,0.021239573049612624,238.42745098039217,Dallas,2015-04-22,Texas-2,1,"{""type"":""MultiPoint"",""coordinates"":[]}"
15,11225.623529411798,1.0,11225.623529411798,Dallas,2015-04-23,Texas-2,1,"{""type"":""MultiPoint"",""coordinates"":[]}"
16,11225.623529411798,0.9989310170639021,11213.623529411798,Dallas,2015-04-24,Texas-2,1,"{""type"":""MultiPoint"",""coordinates"":[]}"
17,11225.623529411798,0.35683104550024447,4005.6509803921563,Dallas,2015-04-25,Texas-2,1,"{""type"":""MultiPoint"",""coordinates"":[]}"
18,11225.623529411798,0.7050773894737984,7914.933333333317,Dallas,2015-04-14,Texas-3,1,"{""type"":""MultiPoint"",""coordinates"":[]}"
19,11225.623529411798,0.9809291348155165,11011.541176470619,Dallas,2015-04-15,Texas-3,1,"{""type"":""MultiPoint"",""coordinates"":[]}"
20,11225.623529411798,0.49606816897196454,5568.674509803913,Dallas,2015-04-16,Texas-3,1,"{""type"":""MultiPoint"",""coordinates"":[]}"
21,11225.623529411798,8.908191134148948E-4,10.0,Dallas,2015-04-17,Texas-3,1,"{""type"":""MultiPoint"",""coordinates"":[]}"
22,11225.623529411798,0.8541708150890074,9588.600000000015,Dallas,2015-04-18,Texas-3,1,"{""type"":""MultiPoint"",""coordinates"":[]}"
23,11225.623529411798,0.07775872705791419,872.8901960784314,Dallas,2015-04-21,Texas-3,1,"{""type"":""MultiPoint"",""coordinates"":[]}"
24,11225.623529411798,0.021239573049612624,238.42745098039217,Dallas,2015-04-22,Texas-3,1,"{""type"":""MultiPoint"",""coordinates"":[]}"
25,11225.623529411798,1.0,11225.623529411798,Dallas,2015-04-23,Texas-3,1,"{""type"":""MultiPoint"",""coordinates"":[]}"
26,11225.623529411798,0.9989310170639021,11213.623529411798,Dallas,2015-04-24,Texas-3,1,"{""type"":""MultiPoint"",""coordinates"":[]}"
27,11225.623529411798,0.35683104550024447,4005.6509803921563,Dallas,2015-04-25,Texas-3,1,"{""type"":""MultiPoint"",""coordinates"":[]}"
28,11225.623529411798,0.5523993776143775,6201.0274509803885,Dallas,2015-05-22,Texas-5,1,"{""type"":""MultiPoint"",""coordinates"":[]}"
29,11225.623529411798,1.0,11225.623529411798,Dallas,2015-05-23,Texas-5,1,"{""type"":""MultiPoint"",""coordinates"":[]}"
30,11213.623529411798,1.0,11213.623529411798,Dallas,2015-05-24,Texas-5,1,"{""type"":""MultiPoint"",""coordinates"":[]}"
31,11225.623529411798,0.17295864433400554,1941.5686274509792,Dallas,2015-05-25,Texas-5,1,"{""type"":""MultiPoint"",""coordinates"":[]}"
32,11225.623529411798,1.0,11225.623529411798,Dallas,2015-05-26,Texas-5,1,"{""type"":""MultiPoint"",""coordinates"":[]}"
33,11223.20392156866,1.0,11223.20392156866,Dallas,2015-05-29,Texas-5,1,"{""type"":""MultiPoint"",""coordinates"":[]}"
34,11225.623529411798,0.8758544003320133,9832.011764705909,Dallas,2015-05-30,Texas-5,1,"{""type"":""MultiPoint"",""coordinates"":[]}"
35,11225.623529411798,0.020660715296307336,231.9294117647059,Dallas,2015-05-31,Texas-5,1,"{""type"":""MultiPoint"",""coordinates"":[]}"
36,11225.623529411798,0.0,0.0,Dallas,2015-06-01,Texas-5,1,"{""type"":""MultiPoint"",""coordinates"":[]}"
37,11225.623529411798,2.672457340244684E-4,3.0,Dallas,2015-06-02,Texas-5,1,"{""type"":""MultiPoint"",""coordinates"":[]}"
38,11225.623529411798,0.5523993776143775,6201.0274509803885,Dallas,2015-05-22,Texas-6,1,"{""type"":""MultiPoint"",""coordinates"":[]}"
39,11225.623529411798,1.0,11225.623529411798,Dallas,2015-05-23,Texas-6,1,"{""type"":""MultiPoint"",""coordinates"":[]}"
40,11225.623529411798,6.235733793904264E-4,7.0,Dallas,2015-04-20,Texas-4,1,"{""type"":""MultiPoint"",""coordinates"":[]}"
41,11225.623529411798,0.07775872705791419,872.8901960784314,Dallas,2015-04-21,Texas-4,1,"{""type"":""MultiPoint"",""coordinates"":[]}"
42,11225.623529411798,0.021239573049612624,238.42745098039217,Dallas,2015-04-22,Texas-4,1,"{""type"":""MultiPoint"",""coordinates"":[]}"
43,11225.623529411798,1.0,11225.623529411798,Dallas,2015-04-23,Texas-4,1,"{""type"":""MultiPoint"",""coordinates"":[]}"
44,11225.623529411798,0.9989310170639021,11213.623529411798,Dallas,2015-04-24,Texas-4,1,"{""type"":""MultiPoint"",""coordinates"":[]}"
45,11225.623529411798,0.0,0.0,Dallas,2015-04-26,Texas-4,1,"{""type"":""MultiPoint"",""coordinates"":[]}"
46,11209.623529411798,1.0,11209.623529411798,Dallas,2015-04-27,Texas-4,1,"{""type"":""MultiPoint"",""coordinates"":[]}"
47,11225.623529411798,0.7203554612801072,8086.4392156862605,Dallas,2015-04-28,Texas-4,1,"{""type"":""MultiPoint"",""coordinates"":[]}"
48,11225.623529411798,8.017372020734053E-4,9.0,Dallas,2015-04-29,Texas-4,1,"{""type"":""MultiPoint"",""coordinates"":[]}"
49,11225.623529411798,0.0,0.0,Dallas,2015-04-30,Texas-4,1,"{""type"":""MultiPoint"",""coordinates"":[]}"
50,21304.24313725487,0.13394238687975638,2853.541176470587,Harris,2017-08-23,Texas-3,1,"{""type"":""MultiPoint"",""coordinates"":[]}"
51,21304.24313725487,0.5450802215226582,11612.521568627457,Harris,2017-08-24,Texas-3,1,"{""type"":""MultiPoint"",""coordinates"":[]}"
52,21304.24313725487,1.0,21304.24313725487,Harris,2017-08-25,Texas-3,1,"{""type"":""MultiPoint"",""coordinates"":[]}"
53,21286.062745098014,1.0,21286.062745098014,Harris,2017-08-26,Texas-3,1,"{""type"":""MultiPoint"",""coordinates"":[]}"
54,0.0,0.0,0.0,Harris,2017-08-27,Texas-3,1,"{""type"":""MultiPoint"",""coordinates"":[]}"
55,21304.24313725487,0.011818873603748661,251.79215686274514,Harris,2017-09-02,Texas-3,1,"{""type"":""MultiPoint"",""coordinates"":[]}"
56,21304.24313725487,0.8935520899638516,19036.450980392132,Harris,2017-09-03,Texas-3,1,"{""type"":""MultiPoint"",""coordinates"":[]}"
57,21304.24313725487,0.5156627180224806,10985.803921568626,Harris,2017-09-04,Texas-3,1,"{""type"":""MultiPoint"",""coordinates"":[]}"
58,21304.24313725487,0.01942501742265467,413.8352941176471,Harris,2017-09-05,Texas-3,1,"{""type"":""MultiPoint"",""coordinates"":[]}"
59,21304.24313725487,0.9909416921824653,21111.262745098014,Harris,2017-09-06,Texas-3,1,"{""type"":""MultiPoint"",""coordinates"":[]}"
60,21304.24313725487,0.13394238687975638,2853.541176470587,Harris,2017-08-23,Texas-5,1,"{""type"":""MultiPoint"",""coordinates"":[]}"
61,21304.24313725487,0.5450802215226582,11612.521568627457,Harris,2017-08-24,Texas-5,1,"{""type"":""MultiPoint"",""coordinates"":[]}"
62,21304.24313725487,1.0,21304.24313725487,Harris,2017-08-25,Texas-5,1,"{""type"":""MultiPoint"",""coordinates"":[]}"
63,21286.062745098014,1.0,21286.062745098014,Harris,2017-08-26,Texas-5,1,"{""type"":""MultiPoint"",""coordinates"":[]}"
64,0.0,0.0,0.0,Harris,2017-08-27,Texas-5,1,"{""type"":""MultiPoint"",""coordinates"":[]}"
65,21304.24313725487,0.011818873603748661,251.79215686274514,Harris,2017-09-02,Texas-5,1,"{""type"":""MultiPoint"",""coordinates"":[]}"
66,21304.24313725487,0.8935520899638516,19036.450980392132,Harris,2017-09-03,Texas-5,1,"{""type"":""MultiPoint"",""coordinates"":[]}"
67,21304.24313725487,0.5156627180224806,10985.803921568626,Harris,2017-09-04,Texas-5,1,"{""type"":""MultiPoint"",""coordinates"":[]}"
68,21304.24313725487,0.01942501742265467,413.8352941176471,Harris,2017-09-05,Texas-5,1,"{""type"":""MultiPoint"",""coordinates"":[]}"
69,21304.24313725487,0.9909416921824653,21111.262745098014,Harris,2017-09-06,Texas-5,1,"{""type"":""MultiPoint"",""coordinates"":[]}"
70,21304.24313725487,0.13394238687975638,2853.541176470587,Harris,2017-08-23,Texas-9,1,"{""type"":""MultiPoint"",""coordinates"":[]}"
71,21304.24313725487,0.5450802215226582,11612.521568627457,Harris,2017-08-24,Texas-9,1,"{""type"":""MultiPoint"",""coordinates"":[]}"
72,21304.24313725487,1.0,21304.24313725487,Harris,2017-08-25,Texas-9,1,"{""type"":""MultiPoint"",""coordinates"":[]}"
73,21286.062745098014,1.0,21286.062745098014,Harris,2017-08-26,Texas-9,1,"{""type"":""MultiPoint"",""coordinates"":[]}"
74,0.0,0.0,0.0,Harris,2017-08-27,Texas-9,1,"{""type"":""MultiPoint"",""coordinates"":[]}"
75,21304.24313725487,0.011818873603748661,251.79215686274514,Harris,2017-09-02,Texas-9,1,"{""type"":""MultiPoint"",""coordinates"":[]}"
76,21304.24313725487,0.8935520899638516,19036.450980392132,Harris,2017-09-03,Texas-9,1,"{""type"":""MultiPoint"",""coordinates"":[]}"
77,21304.24313725487,0.5156627180224806,10985.803921568626,Harris,2017-09-04,Texas-9,1,"{""type"":""MultiPoint"",""coordinates"":[]}"
78,21304.24313725487,0.01942501742265467,413.8352941176471,Harris,2017-09-05,Texas-9,1,"{""type"":""MultiPoint"",""coordinates"":[]}"
79,21304.24313725487,0.9909416921824653,21111.262745098014,Harris,2017-09-06,Texas-9,1,"{""type"":""MultiPoint"",""coordinates"":[]}"
80,21304.24313725487,0.13394238687975638,2853.541176470587,Harris,2017-08-23,Texas-12,1,"{""type"":""MultiPoint"",""coordinates"":[]}"
81,21304.24313725487,0.5450802215226582,11612.521568627457,Harris,2017-08-24,Texas-12,1,"{""type"":""MultiPoint"",""coordinates"":[]}"
82,21304.24313725487,1.0,21304.24313725487,Harris,2017-08-25,Texas-12,1,"{""type"":""MultiPoint"",""coordinates"":[]}"
83,21286.062745098014,1.0,21286.062745098014,Harris,2017-08-26,Texas-12,1,"{""type"":""MultiPoint"",""coordinates"":[]}"
84,0.0,0.0,0.0,Harris,2017-08-27,Texas-12,1,"{""type"":""MultiPoint"",""coordinates"":[]}"
85,21304.24313725487,0.011818873603748661,251.79215686274514,Harris,2017-09-02,Texas-12,1,"{""type"":""MultiPoint"",""coordinates"":[]}"
86,21304.24313725487,0.8935520899638516,19036.450980392132,Harris,2017-09-03,Texas-12,1,"{""type"":""MultiPoint"",""coordinates"":[]}"
87,21304.24313725487,0.5156627180224806,10985.803921568626,Harris,2017-09-04,Texas-12,1,"{""type"":""MultiPoint"",""coordinates"":[]}"
88,21304.24313725487,0.01942501742265467,413.8352941176471,Harris,2017-09-05,Texas-12,1,"{""type"":""MultiPoint"",""coordinates"":[]}"
89,21304.24313725487,0.9909416921824653,21111.262745098014,Harris,2017-09-06,Texas-12,1,"{""type"":""MultiPoint"",""coordinates"":[]}"
90,21304.24313725487,0.5084214099299386,10831.533333333338,Harris,2018-05-22,Texas-8,1,"{""type"":""MultiPoint"",""coordinates"":[]}"
91,21304.24313725487,0.008965350177871236,191.0,Harris,2018-05-23,Texas-8,1,"{""type"":""MultiPoint"",""coordinates"":[]}"
92,21304.24313725487,0.047744700402129296,1017.1647058823529,Harris,2018-05-24,Texas-8,1,"{""type"":""MultiPoint"",""coordinates"":[]}"
93,21304.24313725487,4.6939006166865107E-4,10.0,Harris,2018-05-25,Texas-8,1,"{""type"":""MultiPoint"",""coordinates"":[]}"
94,21304.24313725487,0.5663069604839845,12064.741176470592,Harris,2018-05-26,Texas-8,1,"{""type"":""MultiPoint"",""coordinates"":[]}"
95,21304.24313725487,0.007837893657196535,166.98039215686276,Harris,2018-05-31,Texas-8,1,"{""type"":""MultiPoint"",""coordinates"":[]}"
96,21304.24313725487,0.12675206743312872,2700.356862745099,Harris,2018-06-01,Texas-8,1,"{""type"":""MultiPoint"",""coordinates"":[]}"
97,21304.24313725487,0.9701839751337397,20669.035294117624,Harris,2018-06-02,Texas-8,1,"{""type"":""MultiPoint"",""coordinates"":[]}"
98,21304.24313725487,0.26935129557179294,5738.325490196078,Harris,2018-06-03,Texas-8,1,"{""type"":""MultiPoint"",""coordinates"":[]}"
99,21304.24313725487,0.010073294797943238,214.6039215686274,Harris,2018-10-29,Texas-10,1,"{""type"":""MultiPoint"",""coordinates"":[]}"
100,21304.24313725487,0.0250604592806883,533.8941176470588,Harris,2018-10-30,Texas-10,1,"{""type"":""MultiPoint"",""coordinates"":[]}"
101,21304.24313725487,0.7171689263042891,15278.741176470594,Harris,2018-10-31,Texas-10,1,"{""type"":""MultiPoint"",""coordinates"":[]}"
102,21278.24313725487,0.8346798865894874,17760.521568627435,Harris,2018-11-01,Texas-10,1,"{""type"":""MultiPoint"",""coordinates"":[]}"
103,21304.24313725487,0.001463392545202265,31.176470588235293,Harris,2018-11-02,Texas-10,1,"{""type"":""MultiPoint"",""coordinates"":[]}"
104,21304.24313725487,0.8091841043540633,17239.054901960782,Harris,2018-11-05,Texas-10,1,"{""type"":""MultiPoint"",""coordinates"":[]}"
105,21304.24313725487,0.5489437619165263,11694.831372549026,Harris,2018-11-06,Texas-10,1,"{""type"":""MultiPoint"",""coordinates"":[]}"
106,21304.24313725487,0.6333281301598405,13492.576470588241,Harris,2018-11-07,Texas-10,1,"{""type"":""MultiPoint"",""coordinates"":[]}"
107,21304.24313725487,0.8932406358523448,19029.815686274495,Harris,2018-11-08,Texas-10,1,"{""type"":""MultiPoint"",""coordinates"":[]}"
108,21304.007843137228,1.0,21304.007843137228,Harris,2018-11-09,Texas-10,1,"{""type"":""MultiPoint"",""coordinates"":[]}"
109,21304.24313725487,0.6510732833853232,13870.623529411769,Harris,2018-01-10,Texas-1,1,"{""type"":""MultiPoint"",""coordinates"":[]}"
110,21304.24313725487,0.5550294500846941,11824.482352941188,Harris,2018-01-11,Texas-1,1,"{""type"":""MultiPoint"",""coordinates"":[]}"
111,21304.24313725487,0.0021100463831010773,44.95294117647059,Harris,2018-01-12,Texas-1,1,"{""type"":""MultiPoint"",""coordinates"":[]}"
112,21304.24313725487,0.003528892891078318,75.18039215686275,Harris,2018-01-13,Texas-1,1,"{""type"":""MultiPoint"",""coordinates"":[]}"
113,21304.24313725487,0.003942876518016669,84.0,Harris,2018-01-14,Texas-1,1,"{""type"":""MultiPoint"",""coordinates"":[]}"
114,21304.24313725487,0.34682219246759693,7388.78431372549,Harris,2018-01-20,Texas-1,1,"{""type"":""MultiPoint"",""coordinates"":[]}"
115,21304.24313725487,0.9489303612904513,20216.24313725488,Harris,2018-01-21,Texas-1,1,"{""type"":""MultiPoint"",""coordinates"":[]}"
116,21304.24313725487,0.7754139744232126,16519.60784313725,Harris,2018-01-22,Texas-1,1,"{""type"":""MultiPoint"",""coordinates"":[]}"
117,21304.24313725487,0.5550294500846941,11824.482352941188,Harris,2018-01-11,Texas-2,1,"{""type"":""MultiPoint"",""coordinates"":[]}"
118,21304.24313725487,0.0021100463831010773,44.95294117647059,Harris,2018-01-12,Texas-2,1,"{""type"":""MultiPoint"",""coordinates"":[]}"
119,21304.24313725487,0.003528892891078318,75.18039215686275,Harris,2018-01-13,Texas-2,1,"{""type"":""MultiPoint"",""coordinates"":[]}"
120,21304.24313725487,0.003942876518016669,84.0,Harris,2018-01-14,Texas-2,1,"{""type"":""MultiPoint"",""coordinates"":[]}"
121,21304.24313725487,0.0032470747795431388,69.17647058823529,Harris,2018-01-15,Texas-2,1,"{""type"":""MultiPoint"",""coordinates"":[]}"
122,21304.24313725487,0.34682219246759693,7388.78431372549,Harris,2018-01-20,Texas-2,1,"{""type"":""MultiPoint"",""coordinates"":[]}"
123,21304.24313725487,0.9489303612904513,20216.24313725488,Harris,2018-01-21,Texas-2,1,"{""type"":""MultiPoint"",""coordinates"":[]}"
124,21304.24313725487,0.7754139744232126,16519.60784313725,Harris,2018-01-22,Texas-2,1,"{""type"":""MultiPoint"",""coordinates"":[]}"
125,21304.24313725487,0.5132458193912218,10934.31372549019,Harris,2018-01-23,Texas-1,1,"{""type"":""MultiPoint"",""coordinates"":[]}"
126,21304.24313725487,0.4052176294807884,8632.854901960773,Harris,2018-01-24,Texas-1,1,"{""type"":""MultiPoint"",""coordinates"":[]}"
127,21304.24313725487,0.5132458193912218,10934.31372549019,Harris,2018-01-23,Texas-2,1,"{""type"":""MultiPoint"",""coordinates"":[]}"
128,21304.24313725487,0.4052176294807884,8632.854901960773,Harris,2018-01-24,Texas-2,1,"{""type"":""MultiPoint"",""coordinates"":[]}"
129,21304.24313725487,0.003528892891078318,75.18039215686275,Harris,2018-01-13,Texas-3,1,"{""type"":""MultiPoint"",""coordinates"":[]}"
130,21304.24313725487,0.003942876518016669,84.0,Harris,2018-01-14,Texas-3,1,"{""type"":""MultiPoint"",""coordinates"":[]}"
131,21304.24313725487,0.0032470747795431388,69.17647058823529,Harris,2018-01-15,Texas-3,1,"{""type"":""MultiPoint"",""coordinates"":[]}"
132,21304.24313725487,1.0,21304.24313725487,Harris,2018-01-16,Texas-3,1,"{""type"":""MultiPoint"",""coordinates"":[]}"
133,21304.24313725487,0.005304107696855757,113.0,Harris,2018-01-17,Texas-3,1,"{""type"":""MultiPoint"",""coordinates"":[]}"
134,21304.24313725487,0.34682219246759693,7388.78431372549,Harris,2018-01-20,Texas-3,1,"{""type"":""MultiPoint"",""coordinates"":[]}"
135,21304.24313725487,0.9489303612904513,20216.24313725488,Harris,2018-01-21,Texas-3,1,"{""type"":""MultiPoint"",""coordinates"":[]}"
136,21304.24313725487,0.7754139744232126,16519.60784313725,Harris,2018-01-22,Texas-3,1,"{""type"":""MultiPoint"",""coordinates"":[]}"
137,21304.24313725487,0.5132458193912218,10934.31372549019,Harris,2018-01-23,Texas-3,1,"{""type"":""MultiPoint"",""coordinates"":[]}"
138,21304.24313725487,0.4052176294807884,8632.854901960773,Harris,2018-01-24,Texas-3,1,"{""type"":""MultiPoint"",""coordinates"":[]}"
139,21304.24313725487,1.0,21304.24313725487,Harris,2018-06-04,Texas-8,1,"{""type"":""MultiPoint"",""coordinates"":[]}"
140,21304.24313725487,0.0015959262096734135,34.0,Harris,2018-04-11,Texas-4,1,"{""type"":""MultiPoint"",""coordinates"":[]}"
141,21304.24313725487,9.857191295041673E-4,21.0,Harris,2018-04-12,Texas-4,1,"{""type"":""MultiPoint"",""coordinates"":[]}"
142,21304.24313725487,0.9242397077485439,19690.227450980365,Harris,2018-04-13,Texas-4,1,"{""type"":""MultiPoint"",""coordinates"":[]}"
143,21304.24313725487,1.0,21304.24313725487,Harris,2018-04-14,Texas-4,1,"{""type"":""MultiPoint"",""coordinates"":[]}"
144,21304.24313725487,0.00316755458086045,67.48235294117647,Harris,2018-04-15,Texas-4,1,"{""type"":""MultiPoint"",""coordinates"":[]}"
145,21304.24313725487,0.4325166191693017,9214.439215686274,Harris,2018-04-18,Texas-4,1,"{""type"":""MultiPoint"",""coordinates"":[]}"
146,21304.24313725487,0.7434089351987697,15837.76470588234,Harris,2018-04-19,Texas-4,1,"{""type"":""MultiPoint"",""coordinates"":[]}"
147,21304.24313725487,0.41032330483000623,8741.627450980399,Harris,2018-04-20,Texas-4,1,"{""type"":""MultiPoint"",""coordinates"":[]}"
148,21304.24313725487,0.9559684510974713,20366.184313725473,Harris,2018-04-21,Texas-4,1,"{""type"":""MultiPoint"",""coordinates"":[]}"
149,21304.24313725487,0.7983065879171278,17007.317647058822,Harris,2018-04-22,Texas-4,1,"{""type"":""MultiPoint"",""coordinates"":[]}"
150,11225.623529411798,0.28389426990212097,3186.8901960784324,Dallas,2019-10-16,Texas-20,1,"{""type"":""MultiPoint"",""coordinates"":[]}"
151,11225.623529411798,0.5518379869025116,6194.725490196074,Dallas,2019-10-17,Texas-20,1,"{""type"":""MultiPoint"",""coordinates"":[]}"
152,11225.623529411798,4.454095567074474E-4,5.0,Dallas,2019-10-18,Texas-20,1,"{""type"":""MultiPoint"",""coordinates"":[]}"
153,11225.623529411798,0.10694475594001651,1200.5215686274514,Dallas,2019-10-19,Texas-20,1,"{""type"":""MultiPoint"",""coordinates"":[]}"
154,11225.623529411798,0.0,0.0,Dallas,2019-10-20,Texas-20,1,"{""type"":""MultiPoint"",""coordinates"":[]}"
155,11225.623529411798,8.908191134148948E-4,10.0,Dallas,2019-10-27,Texas-20,1,"{""type"":""MultiPoint"",""coordinates"":[]}"
156,11225.623529411798,7.126552907319158E-4,8.0,Dallas,2019-10-28,Texas-20,1,"{""type"":""MultiPoint"",""coordinates"":[]}"
157,11225.623529411798,0.9564040112711323,10736.23137254905,Dallas,2019-10-29,Texas-20,1,"{""type"":""MultiPoint"",""coordinates"":[]}"
158,11211.980392156895,0.6806686125310607,7631.643137254891,Dallas,2019-10-30,Texas-20,1,"{""type"":""MultiPoint"",""coordinates"":[]}"
159,0.0,0.0,0.0,Dallas,2019-10-31,Texas-20,1,"{""type"":""MultiPoint"",""coordinates"":[]}"
160,21304.24313725487,0.6952585345237323,14811.956862745103,Harris,2020-07-07,Texas-23,1,"{""type"":""MultiPoint"",""coordinates"":[]}"
161,21304.24313725487,0.029683123052721572,632.3764705882354,Harris,2020-07-08,Texas-23,1,"{""type"":""MultiPoint"",""coordinates"":[]}"
162,21304.24313725487,0.03871437191376039,824.7803921568626,Harris,2020-07-09,Texas-23,1,"{""type"":""MultiPoint"",""coordinates"":[]}"
163,21304.24313725487,0.022863161568477047,487.0823529411764,Harris,2020-07-10,Texas-23,1,"{""type"":""MultiPoint"",""coordinates"":[]}"
164,21304.24313725487,0.3974023769912726,8466.356862745093,Harris,2020-07-11,Texas-23,1,"{""type"":""MultiPoint"",""coordinates"":[]}"
165,21304.24313725487,0.2485644947466973,5295.47843137255,Harris,2020-07-15,Texas-23,1,"{""type"":""MultiPoint"",""coordinates"":[]}"
166,21304.24313725487,0.17947764065043129,3823.6352941176465,Harris,2020-07-16,Texas-23,1,"{""type"":""MultiPoint"",""coordinates"":[]}"
167,21304.24313725487,1.1651918001421809E-4,2.4823529411764707,Harris,2020-07-17,Texas-23,1,"{""type"":""MultiPoint"",""coordinates"":[]}"
168,21304.24313725487,0.018704181547558815,398.4784313725491,Harris,2020-07-18,Texas-23,1,"{""type"":""MultiPoint"",""coordinates"":[]}"
169,21304.24313725487,0.025183605143926074,536.5176470588235,Harris,2020-07-19,Texas-23,1,"{""type"":""MultiPoint"",""coordinates"":[]}"
170,21304.24313725487,0.21338803537618042,4546.070588235291,Harris,2020-05-23,Texas-2,1,"{""type"":""MultiPoint"",""coordinates"":[]}"
171,21304.24313725487,0.9842568414061675,20968.8470588235,Harris,2020-05-24,Texas-2,1,"{""type"":""MultiPoint"",""coordinates"":[]}"
172,21213.24313725487,0.9906730479313978,21015.38823529409,Harris,2020-05-25,Texas-2,1,"{""type"":""MultiPoint"",""coordinates"":[]}"
173,21216.24313725487,1.0,21216.24313725487,Harris,2020-05-26,Texas-2,1,"{""type"":""MultiPoint"",""coordinates"":[]}"
174,21304.24313725487,0.001736743228174009,37.0,Harris,2020-05-27,Texas-2,1,"{""type"":""MultiPoint"",""coordinates"":[]}"
175,21304.24313725487,0.5222373081529196,11125.870588235293,Harris,2020-05-31,Texas-2,1,"{""type"":""MultiPoint"",""coordinates"":[]}"
176,21304.24313725487,1.0,21304.24313725487,Harris,2020-06-01,Texas-2,1,"{""type"":""MultiPoint"",""coordinates"":[]}"
177,21304.24313725487,0.5936492076879845,12647.247058823536,Harris,2020-06-02,Texas-2,1,"{""type"":""MultiPoint"",""coordinates"":[]}"
178,21304.24313725487,0.09436433725252574,2010.3607843137256,Harris,2020-06-03,Texas-2,1,"{""type"":""MultiPoint"",""coordinates"":[]}"
179,21304.24313725487,0.001540519774943114,32.819607843137256,Harris,2020-06-04,Texas-2,1,"{""type"":""MultiPoint"",""coordinates"":[]}"
180,21304.24313725487,0.21338803537618042,4546.070588235291,Harris,2020-05-23,Texas-32,1,"{""type"":""MultiPoint"",""coordinates"":[]}"
181,21304.24313725487,0.9842568414061675,20968.8470588235,Harris,2020-05-24,Texas-32,1,"{""type"":""MultiPoint"",""coordinates"":[]}"
182,21213.24313725487,0.9906730479313978,21015.38823529409,Harris,2020-05-25,Texas-32,1,"{""type"":""MultiPoint"",""coordinates"":[]}"
183,21216.24313725487,1.0,21216.24313725487,Harris,2020-05-26,Texas-32,1,"{""type"":""MultiPoint"",""coordinates"":[]}"
184,21304.24313725487,0.001736743228174009,37.0,Harris,2020-05-27,Texas-32,1,"{""type"":""MultiPoint"",""coordinates"":[]}"
185,21304.24313725487,0.5222373081529196,11125.870588235293,Harris,2020-05-31,Texas-32,1,"{""type"":""MultiPoint"",""coordinates"":[]}"
186,21304.24313725487,1.0,21304.24313725487,Harris,2020-06-01,Texas-32,1,"{""type"":""MultiPoint"",""coordinates"":[]}"
187,21304.24313725487,0.5936492076879845,12647.247058823536,Harris,2020-06-02,Texas-32,1,"{""type"":""MultiPoint"",""coordinates"":[]}"
188,21304.24313725487,0.09436433725252574,2010.3607843137256,Harris,2020-06-03,Texas-32,1,"{""type"":""MultiPoint"",""coordinates"":[]}"
189,21304.24313725487,0.001540519774943114,32.819607843137256,Harris,2020-06-04,Texas-32,1,"{""type"":""MultiPoint"",""coordinates"":[]}"
190,11225.623529411798,0.013362286701223422,150.0,Dallas,2020-08-11,Texas-14,1,"{""type"":""MultiPoint"",""coordinates"":[]}"
191,11225.623529411798,0.0,0.0,Dallas,2020-08-12,Texas-14,1,"{""type"":""MultiPoint"",""coordinates"":[]}"
192,11225.623529411798,0.0,0.0,Dallas,2020-08-13,Texas-14,1,"{""type"":""MultiPoint"",""coordinates"":[]}"
193,11225.623529411798,0.005533558728036053,62.117647058823536,Dallas,2020-08-14,Texas-14,1,"{""type"":""MultiPoint"",""coordinates"":[]}"
194,11225.623529411798,0.5298965881278593,5948.41960784313,Dallas,2020-08-15,Texas-14,1,"{""type"":""MultiPoint"",""coordinates"":[]}"
195,11225.623529411798,6.082023829236596E-4,6.8274509803921575,Dallas,2020-08-19,Texas-14,1,"{""type"":""MultiPoint"",""coordinates"":[]}"
196,11225.623529411798,0.0,0.0,Dallas,2020-08-20,Texas-14,1,"{""type"":""MultiPoint"",""coordinates"":[]}"
197,11225.623529411798,0.0016925563154883002,19.0,Dallas,2020-08-21,Texas-14,1,"{""type"":""MultiPoint"",""coordinates"":[]}"
198,11225.623529411798,0.9812016206619727,11014.60000000003,Dallas,2020-08-22,Texas-14,1,"{""type"":""MultiPoint"",""coordinates"":[]}"
199,11225.623529411798,0.0,0.0,Dallas,2020-08-23,Texas-14,1,"{""type"":""MultiPoint"",""coordinates"":[]}"
200,11225.623529411798,0.6269099336462004,7037.454901960776,Dallas,2021-02-09,Texas-1,1,"{""type"":""MultiPoint"",""coordinates"":[]}"
201,11225.623529411798,0.8349787286369333,9373.156862745107,Dallas,2021-02-10,Texas-1,1,"{""type"":""MultiPoint"",""coordinates"":[]}"
202,11225.623529411798,0.78268729733865,8786.152941176477,Dallas,2021-02-11,Texas-1,1,"{""type"":""MultiPoint"",""coordinates"":[]}"
203,11225.623529411798,0.5364701345032035,6022.211764705873,Dallas,2021-02-12,Texas-1,1,"{""type"":""MultiPoint"",""coordinates"":[]}"
204,11225.623529411798,0.6625769335840174,7437.839215686264,Dallas,2021-02-13,Texas-1,1,"{""type"":""MultiPoint"",""coordinates"":[]}"
205,11225.623529411798,0.001367669344713456,15.352941176470587,Dallas,2021-02-22,Texas-1,1,"{""type"":""MultiPoint"",""coordinates"":[]}"
206,11225.623529411798,9.799010247563843E-4,11.0,Dallas,2021-02-23,Texas-1,1,"{""type"":""MultiPoint"",""coordinates"":[]}"
207,11225.623529411798,0.6269099336462004,7037.454901960776,Dallas,2021-02-09,Texas-3,1,"{""type"":""MultiPoint"",""coordinates"":[]}"
208,11225.623529411798,0.8349787286369333,9373.156862745107,Dallas,2021-02-10,Texas-3,1,"{""type"":""MultiPoint"",""coordinates"":[]}"
209,11225.623529411798,0.78268729733865,8786.152941176477,Dallas,2021-02-11,Texas-3,1,"{""type"":""MultiPoint"",""coordinates"":[]}"
210,11225.623529411798,0.5364701345032035,6022.211764705873,Dallas,2021-02-12,Texas-3,1,"{""type"":""MultiPoint"",""coordinates"":[]}"
211,11225.623529411798,0.6625769335840174,7437.839215686264,Dallas,2021-02-13,Texas-3,1,"{""type"":""MultiPoint"",""coordinates"":[]}"
212,11225.623529411798,0.001367669344713456,15.352941176470587,Dallas,2021-02-22,Texas-3,1,"{""type"":""MultiPoint"",""coordinates"":[]}"
213,11225.623529411798,9.799010247563843E-4,11.0,Dallas,2021-02-23,Texas-3,1,"{""type"":""MultiPoint"",""coordinates"":[]}"
214,11225.623529411798,0.6269099336462004,7037.454901960776,Dallas,2021-02-09,Texas-4,1,"{""type"":""MultiPoint"",""coordinates"":[]}"
215,11225.623529411798,0.8349787286369333,9373.156862745107,Dallas,2021-02-10,Texas-4,1,"{""type"":""MultiPoint"",""coordinates"":[]}"
216,11225.623529411798,0.78268729733865,8786.152941176477,Dallas,2021-02-11,Texas-4,1,"{""type"":""MultiPoint"",""coordinates"":[]}"
217,11225.623529411798,0.5364701345032035,6022.211764705873,Dallas,2021-02-12,Texas-4,1,"{""type"":""MultiPoint"",""coordinates"":[]}"
218,11225.623529411798,0.6625769335840174,7437.839215686264,Dallas,2021-02-13,Texas-4,1,"{""type"":""MultiPoint"",""coordinates"":[]}"
219,11225.623529411798,0.001367669344713456,15.352941176470587,Dallas,2021-02-22,Texas-4,1,"{""type"":""MultiPoint"",""coordinates"":[]}"
220,11225.623529411798,9.799010247563843E-4,11.0,Dallas,2021-02-23,Texas-4,1,"{""type"":""MultiPoint"",""coordinates"":[]}"
221,11225.623529411798,0.0058731180136200834,65.92941176470589,Dallas,2021-02-24,Texas-1,1,"{""type"":""MultiPoint"",""coordinates"":[]}"
222,11225.623529411798,0.0,0.0,Dallas,2021-02-25,Texas-1,1,"{""type"":""MultiPoint"",""coordinates"":[]}"
223,11225.623529411798,0.9565563238724846,10737.941176470615,Dallas,2021-02-26,Texas-1,1,"{""type"":""MultiPoint"",""coordinates"":[]}"
224,11225.623529411798,0.0058731180136200834,65.92941176470589,Dallas,2021-02-24,Texas-3,1,"{""type"":""MultiPoint"",""coordinates"":[]}"
225,11225.623529411798,0.0,0.0,Dallas,2021-02-25,Texas-3,1,"{""type"":""MultiPoint"",""coordinates"":[]}"
226,11225.623529411798,0.9565563238724846,10737.941176470615,Dallas,2021-02-26,Texas-3,1,"{""type"":""MultiPoint"",""coordinates"":[]}"
227,11225.623529411798,0.0058731180136200834,65.92941176470589,Dallas,2021-02-24,Texas-4,1,"{""type"":""MultiPoint"",""coordinates"":[]}"
228,11225.623529411798,0.0,0.0,Dallas,2021-02-25,Texas-4,1,"{""type"":""MultiPoint"",""coordinates"":[]}"
229,11225.623529411798,0.9565563238724846,10737.941176470615,Dallas,2021-02-26,Texas-4,1,"{""type"":""MultiPoint"",""coordinates"":[]}"
230,11225.623529411798,0.6625769335840174,7437.839215686264,Dallas,2021-02-13,Texas-8,1,"{""type"":""MultiPoint"",""coordinates"":[]}"
231,11225.623529411798,0.843429981967025,9468.027450980404,Dallas,2021-02-14,Texas-8,1,"{""type"":""MultiPoint"",""coordinates"":[]}"
232,11225.623529411798,0.9963476416349989,11184.623529411798,Dallas,2021-02-15,Texas-8,1,"{""type"":""MultiPoint"",""coordinates"":[]}"
233,11225.623529411798,0.0049319938208594065,55.36470588235295,Dallas,2021-02-16,Texas-8,1,"{""type"":""MultiPoint"",""coordinates"":[]}"
234,11225.623529411798,1.0,11225.623529411798,Dallas,2021-02-17,Texas-8,1,"{""type"":""MultiPoint"",""coordinates"":[]}"
235,11225.623529411798,0.001367669344713456,15.352941176470587,Dallas,2021-02-22,Texas-8,1,"{""type"":""MultiPoint"",""coordinates"":[]}"
236,11225.623529411798,9.799010247563843E-4,11.0,Dallas,2021-02-23,Texas-8,1,"{""type"":""MultiPoint"",""coordinates"":[]}"
237,11225.623529411798,0.0058731180136200834,65.92941176470589,Dallas,2021-02-24,Texas-8,1,"{""type"":""MultiPoint"",""coordinates"":[]}"
238,11225.623529411798,0.0,0.0,Dallas,2021-02-25,Texas-8,1,"{""type"":""MultiPoint"",""coordinates"":[]}"
239,11225.623529411798,0.9565563238724846,10737.941176470615,Dallas,2021-02-26,Texas-8,1,"{""type"":""MultiPoint"",""coordinates"":[]}"
240,11225.623529411798,0.6625769335840174,7437.839215686264,Dallas,2021-02-13,Texas-9,1,"{""type"":""MultiPoint"",""coordinates"":[]}"
241,11225.623529411798,0.843429981967025,9468.027450980404,Dallas,2021-02-14,Texas-9,1,"{""type"":""MultiPoint"",""coordinates"":[]}"
242,11225.623529411798,0.9963476416349989,11184.623529411798,Dallas,2021-02-15,Texas-9,1,"{""type"":""MultiPoint"",""coordinates"":[]}"
243,11225.623529411798,0.0049319938208594065,55.36470588235295,Dallas,2021-02-16,Texas-9,1,"{""type"":""MultiPoint"",""coordinates"":[]}"
244,11225.623529411798,1.0,11225.623529411798,Dallas,2021-02-17,Texas-9,1,"{""type"":""MultiPoint"",""coordinates"":[]}"
245,11225.623529411798,0.001367669344713456,15.352941176470587,Dallas,2021-02-22,Texas-9,1,"{""type"":""MultiPoint"",""coordinates"":[]}"
246,11225.623529411798,9.799010247563843E-4,11.0,Dallas,2021-02-23,Texas-9,1,"{""type"":""MultiPoint"",""coordinates"":[]}"
247,11225.623529411798,0.0058731180136200834,65.92941176470589,Dallas,2021-02-24,Texas-9,1,"{""type"":""MultiPoint"",""coordinates"":[]}"
248,11225.623529411798,0.0,0.0,Dallas,2021-02-25,Texas-9,1,"{""type"":""MultiPoint"",""coordinates"":[]}"
249,11225.623529411798,0.9565563238724846,10737.941176470615,Dallas,2021-02-26,Texas-9,1,"{""type"":""MultiPoint"",""coordinates"":[]}"
250,11225.623529411798,0.9403448133716484,10555.956862745123,Dallas,2022-08-30,Texas-8,1,"{""type"":""MultiPoint"",""coordinates"":[]}"
251,11225.623529411798,0.9970602969257308,11192.623529411798,Dallas,2022-08-31,Texas-8,1,"{""type"":""MultiPoint"",""coordinates"":[]}"
252,11225.623529411798,0.9956622349289126,11176.929411764739,Dallas,2022-09-01,Texas-8,1,"{""type"":""MultiPoint"",""coordinates"":[]}"
253,11225.623529411798,1.0,11225.623529411798,Dallas,2022-09-02,Texas-8,1,"{""type"":""MultiPoint"",""coordinates"":[]}"
254,11225.623529411798,0.025059265671604176,281.3058823529412,Dallas,2022-09-03,Texas-8,1,"{""type"":""MultiPoint"",""coordinates"":[]}"
255,11225.623529411798,0.01728154145942017,193.99607843137255,Dallas,2022-09-08,Texas-8,1,"{""type"":""MultiPoint"",""coordinates"":[]}"
256,11225.623529411798,0.0,0.0,Dallas,2022-09-09,Texas-8,1,"{""type"":""MultiPoint"",""coordinates"":[]}"
257,11225.623529411798,0.0,0.0,Dallas,2022-09-10,Texas-8,1,"{""type"":""MultiPoint"",""coordinates"":[]}"
258,11225.623529411798,0.5730915335852751,6433.309803921556,Dallas,2022-09-11,Texas-8,1,"{""type"":""MultiPoint"",""coordinates"":[]}"
259,11225.623529411798,0.34334055071485464,3854.2117647058767,Dallas,2022-09-12,Texas-8,1,"{""type"":""MultiPoint"",""coordinates"":[]}"
260,0,-1,0,Harris,2022-08-05,Texas-32,0,"{""type"":""MultiPoint"",""coordinates"":[]}"
261,0,-1,0,Harris,2022-08-06,Texas-32,0,"{""type"":""MultiPoint"",""coordinates"":[]}"
262,0,-1,0,Harris,2022-08-07,Texas-32,0,"{""type"":""MultiPoint"",""coordinates"":[]}"
263,0,-1,0,Harris,2022-08-08,Texas-32,0,"{""type"":""MultiPoint"",""coordinates"":[]}"
264,0,-1,0,Harris,2022-08-09,Texas-32,0,"{""type"":""MultiPoint"",""coordinates"":[]}"
265,21304.24313725487,0.02291691133240146,488.2274509803921,Harris,2022-08-13,Texas-32,1,"{""type"":""MultiPoint"",""coordinates"":[]}"
266,21304.24313725487,0.23305106117128133,4964.976470588235,Harris,2022-08-14,Texas-32,1,"{""type"":""MultiPoint"",""coordinates"":[]}"
267,21304.24313725487,0.20203192515087676,4304.137254901956,Harris,2022-08-15,Texas-32,1,"{""type"":""MultiPoint"",""coordinates"":[]}"
268,21304.24313725487,0.7331719981401122,15619.674509803928,Harris,2022-08-16,Texas-32,1,"{""type"":""MultiPoint"",""coordinates"":[]}"
269,21304.24313725487,0.20500675369465224,4367.513725490195,Harris,2022-08-17,Texas-32,1,"{""type"":""MultiPoint"",""coordinates"":[]}"
270,21304.24313725487,0.3548371658264895,7559.537254901958,Harris,2023-01-20,Texas-0,1,"{""type"":""MultiPoint"",""coordinates"":[]}"
271,21304.24313725487,0.41197629414521564,8776.843137254904,Harris,2023-01-21,Texas-0,1,"{""type"":""MultiPoint"",""coordinates"":[]}"
272,21304.24313725487,0.9345734680120799,19910.380392156836,Harris,2023-01-22,Texas-0,1,"{""type"":""MultiPoint"",""coordinates"":[]}"
273,21304.24313725487,0.003797641710700368,80.90588235294116,Harris,2023-01-23,Texas-0,1,"{""type"":""MultiPoint"",""coordinates"":[]}"
274,21304.24313725487,0.8426900873286411,17952.87450980391,Harris,2023-01-24,Texas-0,1,"{""type"":""MultiPoint"",""coordinates"":[]}"
275,21304.24313725487,1.0,21304.24313725487,Harris,2023-01-29,Texas-0,1,"{""type"":""MultiPoint"",""coordinates"":[]}"
276,21304.24313725487,0.9204912139384189,19610.368627450967,Harris,2023-01-30,Texas-0,1,"{""type"":""MultiPoint"",""coordinates"":[]}"
277,21304.24313725487,0.8400550603746076,17896.73725490196,Harris,2023-01-31,Texas-0,1,"{""type"":""MultiPoint"",""coordinates"":[]}"
278,21304.24313725487,0.9428568220415265,20086.85098039213,Harris,2023-02-01,Texas-0,1,"{""type"":""MultiPoint"",""coordinates"":[]}"
279,21304.24313725487,0.9386707830641128,19997.67058823528,Harris,2023-02-02,Texas-0,1,"{""type"":""MultiPoint"",""coordinates"":[]}"
280,21304.24313725487,0.3548371658264895,7559.537254901958,Harris,2023-01-20,Texas-33,1,"{""type"":""MultiPoint"",""coordinates"":[]}"
281,21304.24313725487,0.41197629414521564,8776.843137254904,Harris,2023-01-21,Texas-33,1,"{""type"":""MultiPoint"",""coordinates"":[]}"
282,21304.24313725487,0.9345734680120799,19910.380392156836,Harris,2023-01-22,Texas-33,1,"{""type"":""MultiPoint"",""coordinates"":[]}"
283,21304.24313725487,0.003797641710700368,80.90588235294116,Harris,2023-01-23,Texas-33,1,"{""type"":""MultiPoint"",""coordinates"":[]}"
284,21304.24313725487,0.8426900873286411,17952.87450980391,Harris,2023-01-24,Texas-33,1,"{""type"":""MultiPoint"",""coordinates"":[]}"
285,21304.24313725487,1.0,21304.24313725487,Harris,2023-01-29,Texas-33,1,"{""type"":""MultiPoint"",""coordinates"":[]}"
286,21304.24313725487,0.9204912139384189,19610.368627450967,Harris,2023-01-30,Texas-33,1,"{""type"":""MultiPoint"",""coordinates"":[]}"
287,21304.24313725487,0.8400550603746076,17896.73725490196,Harris,2023-01-31,Texas-33,1,"{""type"":""MultiPoint"",""coordinates"":[]}"
288,21304.24313725487,0.9428568220415265,20086.85098039213,Harris,2023-02-01,Texas-33,1,"{""type"":""MultiPoint"",""coordinates"":[]}"
289,21304.24313725487,0.9386707830641128,19997.67058823528,Harris,2023-02-02,Texas-33,1,"{""type"":""MultiPoint"",""coordinates"":[]}"
290,11225.623529411798,0.8028477565681305,9012.46666666668,Dallas,2023-02-26,Texas-10,1,"{""type"":""MultiPoint"",""coordinates"":[]}"
291,11225.623529411798,0.806663257100176,9055.298039215693,Dallas,2023-02-27,Texas-10,1,"{""type"":""MultiPoint"",""coordinates"":[]}"
292,11225.623529411798,0.2369306355837163,2659.6941176470577,Dallas,2023-02-28,Texas-10,1,"{""type"":""MultiPoint"",""coordinates"":[]}"
293,11225.623529411798,0.9972520850407364,11194.776470588266,Dallas,2023-03-01,Texas-10,1,"{""type"":""MultiPoint"",""coordinates"":[]}"
294,11225.623529411798,1.0,11225.623529411798,Dallas,2023-03-02,Texas-10,1,"{""type"":""MultiPoint"",""coordinates"":[]}"
295,11220.623529411798,0.3856826662668417,4327.600000000002,Dallas,2023-03-06,Texas-10,1,"{""type"":""MultiPoint"",""coordinates"":[]}"
296,11225.623529411798,1.7816382268297896E-4,2.0,Dallas,2023-03-07,Texas-10,1,"{""type"":""MultiPoint"",""coordinates"":[]}"
297,11225.623529411798,0.9876560418146996,11087.054901960813,Dallas,2023-03-08,Texas-10,1,"{""type"":""MultiPoint"",""coordinates"":[]}"
298,11225.623529411798,0.8601553728270114,9655.780392156876,Dallas,2023-03-09,Texas-10,1,"{""type"":""MultiPoint"",""coordinates"":[]}"
299,11225.623529411798,0.18358035223337033,2060.8039215686276,Dallas,2023-03-10,Texas-10,1,"{""type"":""MultiPoint"",""coordinates"":[]}"
